{
	"info": {
		"_postman_id": "e6b9abcf-79e2-4da1-b1b9-bf570466b82f",
		"name": "Beet Sprout",
		"schema": "https://schema.getpostman.com/json/collection/v2.0.0/collection.json",
		"_exporter_id": "14466482"
	},
	"item": [
		{
			"name": "CREATE user Positive",
			"event": [
				{
					"listen": "test",
					"script": {
						"exec": [
							"pm.test(\"New user created\", function(){",
							"    pm.response.to.have.status(200)",
							"})",
							"",
							"pm.test(\"Error in parameters\", function(){",
							"    pm.response.to.have.status(400)",
							"})",
							"",
							"var newUser = pm.response.json()",
							"pm.collectionVariables.set(\"newUserID\", newUser.id)"
						],
						"type": "text/javascript"
					}
				}
			],
			"request": {
				"method": "POST",
				"header": [],
				"body": {
					"mode": "raw",
					"raw": "{\n    \"name\": \"Konstyantyn\",\n    \"age\": 20,\n    \"gender\": \"male\",\n    \"city\": \"Zhmerynka\"\n}",
					"options": {
						"raw": {
							"language": "json"
						}
					}
				},
				"url": "{{schema}}://{{baseUrl}}/{{resource}}"
			},
			"response": []
		},
		{
			"name": "CREATE user Negative",
			"event": [
				{
					"listen": "test",
					"script": {
						"exec": [
							"pm.test(\"Error in parameters\", function(){",
							"    pm.response.to.have.status(400)",
							"})",
							"",
							"pm.test(\"No mistakes in parameters :D\", function(){",
							"    pm.response.to.have.status(200)",
							"    pm.response.to.be.jsonBody",
							"",
							"    var newUser = pm.response.json()",
							"    pm.collectionVariables.set(\"newUserID\", newUser.id)",
							"})"
						],
						"type": "text/javascript"
					}
				}
			],
			"request": {
				"method": "POST",
				"header": [],
				"body": {
					"mode": "raw",
					"raw": "{\n    \"name\": \"Anna\",\n    \"age\": 20,\n    \"gender\": \"genderfluid\",\n    \"city\": \"Brno\"\n}",
					"options": {
						"raw": {
							"language": "json"
						}
					}
				},
				"url": "{{schema}}://{{baseUrl}}/{{resource}}"
			},
			"response": []
		},
		{
			"name": "GET user Positive",
			"event": [
				{
					"listen": "test",
					"script": {
						"exec": [
							"pm.test(\"User found\", function(){",
							"    pm.response.to.not.have.body(\"No users found\")",
							"})",
							"",
							"pm.test(\"User not found\", function(){",
							"    pm.response.to.have.body(\"No users found\")",
							"})"
						],
						"type": "text/javascript"
					}
				}
			],
			"request": {
				"method": "GET",
				"header": [],
				"url": {
					"raw": "{{schema}}://{{baseUrl}}/{{resource}}?id={{newUserID}}",
					"protocol": "{{schema}}",
					"host": [
						"{{baseUrl}}"
					],
					"path": [
						"{{resource}}"
					],
					"query": [
						{
							"key": "id",
							"value": "{{newUserID}}"
						}
					]
				}
			},
			"response": []
		},
		{
			"name": "GET user Negative",
			"event": [
				{
					"listen": "test",
					"script": {
						"exec": [
							"pm.test(\"User found\", function(){",
							"    pm.response.to.not.have.body(\"No users found\")",
							"})",
							"",
							"pm.test(\"User not found\", function(){",
							"    pm.response.to.have.body(\"No users found\")",
							"})"
						],
						"type": "text/javascript"
					}
				}
			],
			"request": {
				"method": "GET",
				"header": [],
				"url": {
					"raw": "{{schema}}://{{baseUrl}}/{{resource}}?id={{wrongID}}",
					"protocol": "{{schema}}",
					"host": [
						"{{baseUrl}}"
					],
					"path": [
						"{{resource}}"
					],
					"query": [
						{
							"key": "id",
							"value": "{{wrongID}}"
						}
					]
				}
			},
			"response": []
		},
		{
			"name": "EDIT user Positive",
			"event": [
				{
					"listen": "test",
					"script": {
						"exec": [
							"pm.test(\"User updated\", function(){",
							"    pm.response.to.not.have.body(\"No users found\")",
							"})",
							"",
							"pm.test(\"User not found\", function(){",
							"    pm.response.to.have.body(\"No users found\")",
							"})"
						],
						"type": "text/javascript"
					}
				}
			],
			"request": {
				"method": "PATCH",
				"header": [],
				"body": {
					"mode": "raw",
					"raw": "{\n    \"id\": {{newUserID}},\n    \"name\": \"Bogdan\",\n    \"age\": 20,\n    \"gender\": \"male\",\n    \"city\": \"Poltava\"\n}",
					"options": {
						"raw": {
							"language": "json"
						}
					}
				},
				"url": "{{schema}}://{{baseUrl}}/{{resource}}"
			},
			"response": []
		},
		{
			"name": "EDIT user Negative",
			"event": [
				{
					"listen": "test",
					"script": {
						"exec": [
							"pm.test(\"User updated\", function(){",
							"    pm.response.to.not.have.status(500)",
							"    pm.response.to.not.have.body(\"No user found\")",
							"})",
							"",
							"pm.test(\"Issues with server\", function(){",
							"    pm.response.to.have.status(500)",
							"})",
							"",
							"pm.test(\"User not found\", function(){",
							"    pm.response.to.have.body(\"No user found\")",
							"})"
						],
						"type": "text/javascript"
					}
				}
			],
			"request": {
				"method": "PATCH",
				"header": [],
				"body": {
					"mode": "raw",
					"raw": "{\n    \"id\": {{wrongID}},\n    \"name\": \"Kate\",\n    \"age\": 20,\n    \"gender\": \"non-binary\",\n    \"city\": \"Dallas\"\n}",
					"options": {
						"raw": {
							"language": "json"
						}
					}
				},
				"url": "{{schema}}://{{baseUrl}}/{{resource}}"
			},
			"response": []
		},
		{
			"name": "DELETE user Positive",
			"event": [
				{
					"listen": "test",
					"script": {
						"exec": [
							"pm.test(\"User deleted\", function(){",
							"    pm.response.to.not.have.body(\"No user found\")",
							"})",
							"",
							"pm.test(\"User not found\", function(){",
							"    pm.response.to.have.body(\"No user found\")",
							"})"
						],
						"type": "text/javascript"
					}
				}
			],
			"request": {
				"method": "DELETE",
				"header": [],
				"url": {
					"raw": "{{schema}}://{{baseUrl}}/{{resource}}?id={{newUserID}}",
					"protocol": "{{schema}}",
					"host": [
						"{{baseUrl}}"
					],
					"path": [
						"{{resource}}"
					],
					"query": [
						{
							"key": "id",
							"value": "{{newUserID}}"
						}
					]
				}
			},
			"response": []
		},
		{
			"name": "DELETE user Negative",
			"event": [
				{
					"listen": "test",
					"script": {
						"exec": [
							"pm.test(\"User deleted\", function(){",
							"    pm.response.to.not.have.body(\"No user found\")",
							"})",
							"",
							"pm.test(\"User not found\", function(){",
							"    pm.response.to.have.body(\"No user found\")",
							"})"
						],
						"type": "text/javascript"
					}
				}
			],
			"request": {
				"method": "DELETE",
				"header": [],
				"url": {
					"raw": "{{schema}}://{{baseUrl}}/{{resource}}?id={{wrongID}}",
					"protocol": "{{schema}}",
					"host": [
						"{{baseUrl}}"
					],
					"path": [
						"{{resource}}"
					],
					"query": [
						{
							"key": "id",
							"value": "{{wrongID}}"
						}
					]
				}
			},
			"response": []
		}
	],
	"event": [
		{
			"listen": "prerequest",
			"script": {
				"type": "text/javascript",
				"exec": [
					""
				]
			}
		},
		{
			"listen": "test",
			"script": {
				"type": "text/javascript",
				"exec": [
					""
				]
			}
		}
	],
	"variable": [
		{
			"key": "schema",
			"value": "https",
			"type": "string"
		},
		{
			"key": "baseUrl",
			"value": "em.staging.api.onereach.ai/http/1b3bebb7-e882-4f1e-a74b-ee381bfa69d6",
			"type": "string"
		},
		{
			"key": "resource",
			"value": "/users",
			"type": "string"
		},
		{
			"key": "wrongID",
			"value": "jfdsf-n321",
			"type": "string"
		},
		{
			"key": "newUserID",
			"value": ""
		}
	]
}