{
	"info": {
		"_postman_id": "50e89920-c129-495d-bc84-fa2bb42aad82",
		"name": "Beet Seed",
		"schema": "https://schema.getpostman.com/json/collection/v2.0.0/collection.json",
		"_exporter_id": "14466482"
	},
	"item": [
		{
			"name": "CREATE user",
			"event": [
				{
					"listen": "test",
					"script": {
						"exec": [
							"pm.test(\"New user created\", function(){",
							"    pm.response.to.have.status(200)",
							"})",
							"",
							"pm.test(\"Error in parameters\", function(){",
							"    pm.response.to.have.status(400)",
							"})",
							"",
							"var newUser = pm.response.json()",
							"pm.collectionVariables.set(\"newUserID\", newUser.id)"
						],
						"type": "text/javascript"
					}
				}
			],
			"request": {
				"method": "POST",
				"header": [],
				"body": {
					"mode": "raw",
					"raw": "{\n    \"name\": \"Andrew\",\n    \"age\": 20,\n    \"gender\": \"male\",\n    \"city\": \"Brody\"\n}",
					"options": {
						"raw": {
							"language": "json"
						}
					}
				},
				"url": "{{schema}}://{{baseUrl}}/{{resource}}"
			},
			"response": []
		},
		{
			"name": "GET user",
			"event": [
				{
					"listen": "test",
					"script": {
						"exec": [
							"pm.test(\"User found\", function(){",
							"    pm.response.to.not.have.body(\"No users found\")",
							"})",
							"",
							"pm.test(\"User not found\", function(){",
							"    pm.response.to.have.body(\"No users found\")",
							"})"
						],
						"type": "text/javascript"
					}
				}
			],
			"request": {
				"method": "GET",
				"header": [],
				"url": {
					"raw": "{{schema}}://{{baseUrl}}/{{resource}}?id={{newUserID}}",
					"protocol": "{{schema}}",
					"host": [
						"{{baseUrl}}"
					],
					"path": [
						"{{resource}}"
					],
					"query": [
						{
							"key": "id",
							"value": "{{newUserID}}"
						}
					]
				}
			},
			"response": []
		},
		{
			"name": "EDIT user",
			"event": [
				{
					"listen": "test",
					"script": {
						"exec": [
							"pm.test(\"User updated\", function(){",
							"    pm.response.to.not.have.body(\"No users found\")",
							"})",
							"",
							"pm.test(\"User not found\", function(){",
							"    pm.response.to.have.body(\"No users found\")",
							"})"
						],
						"type": "text/javascript"
					}
				}
			],
			"request": {
				"method": "PATCH",
				"header": [],
				"body": {
					"mode": "raw",
					"raw": "{\n    \"id\": \"{{newUserID}}\",\n    \"name\": \"Bogdan\",\n    \"age\": 20,\n    \"gender\": \"male\",\n    \"city\": \"Poltava\"\n}",
					"options": {
						"raw": {
							"language": "json"
						}
					}
				},
				"url": "{{schema}}://{{baseUrl}}/{{resource}}"
			},
			"response": []
		},
		{
			"name": "DELETE user",
			"event": [
				{
					"listen": "test",
					"script": {
						"exec": [
							"pm.test(\"User deleted\", function(){",
							"    pm.response.to.not.have.body(\"No users found\")",
							"})",
							"",
							"pm.test(\"User not found\", function(){",
							"    pm.response.to.have.body(\"No users found\")",
							"})"
						],
						"type": "text/javascript"
					}
				}
			],
			"request": {
				"method": "DELETE",
				"header": [],
				"url": {
					"raw": "{{schema}}://{{baseUrl}}/{{resource}}?id={{newUserID}}",
					"protocol": "{{schema}}",
					"host": [
						"{{baseUrl}}"
					],
					"path": [
						"{{resource}}"
					],
					"query": [
						{
							"key": "id",
							"value": "{{newUserID}}"
						}
					]
				}
			},
			"response": []
		}
	],
	"event": [
		{
			"listen": "prerequest",
			"script": {
				"type": "text/javascript",
				"exec": [
					""
				]
			}
		},
		{
			"listen": "test",
			"script": {
				"type": "text/javascript",
				"exec": [
					""
				]
			}
		}
	],
	"variable": [
		{
			"key": "schema",
			"value": "https",
			"type": "string"
		},
		{
			"key": "baseUrl",
			"value": "em.staging.api.onereach.ai/http/1b3bebb7-e882-4f1e-a74b-ee381bfa69d6",
			"type": "string"
		},
		{
			"key": "resource",
			"value": "/users",
			"type": "string"
		},
		{
			"key": "newUserID",
			"value": ""
		}
	]
}